max_drawdown,annualized_volatility,sharpe_ratio,var_95
0.5002161176393359,8928741.408956833,-6.061183207790176,51826.92364154643
